{
    "$schema": "http://qt.io/schema/extension-schema-v1#",
    "title": "Qt Advanced Docking System",
    "extensionType": [
        "library"
    ],
    "version": "3.0.0",
    "vendor": {
        "name": "githubuser0xFFFF",
        "url": "https://github.com/githubuser0xFFFF/Qt-Advanced-Docking-System"
    },
    "contact": "https://github.com/githubuser0xFFFF/Qt-Advanced-Docking-System/issues",
    "icon": "https://raw.githubusercontent.com/githubuser0xFFFF/Qt-Advanced-Docking-System/master/doc/ads_icon_512.png",
    "licenses": [
      { "licenseType": "LGPLv2.1",
        "licenseUrl": "https://www.gnu.org/licenses/old-licenses/lgpl-2.1.html" }
    ],
    "created": "2017-03-30",
    "lastUpdate": "2020-01-16",
    "platforms": [
        "Windows 7-10", "Kubuntu 18.04", "Kubuntu 19.10", "Ubuntu 19.10"
    ],
    "qtVersions": [
        "5.5.1 or newer"
    ],
    "tags": [
        "Widgets", "Docking"],
    "bugUrl": "https://github.com/githubuser0xFFFF/Qt-Advanced-Docking-System/issues",
    "sourceRepoUrl": "https://github.com/githubuser0xFFFF/Qt-Advanced-Docking-System"
}
